<?xml version="1.0"?>
<doc>
    <assembly>
        <name>TabsControl</name>
    </assembly>
    <members>
        <member name="F:TabsControl_Sample.TabsControl.TAB_PADDING">
            <summary>
            Left and right padding of the tab.
            </summary>
        </member>
        <member name="M:TabsControl_Sample.TabsControl.#ctor">
            <summary>
            Initialize new instance of TabsControl class.
            </summary>
        </member>
        <member name="M:TabsControl_Sample.TabsControl.HandleDrawItem(System.Object,System.Windows.Forms.DrawItemEventArgs)">
            <summary>
            Draw the tab item.
            </summary>
            <param name="sender"></param>
            <param name="e"></param>
        </member>
        <member name="M:TabsControl_Sample.TabsControl.trimTextToFit(System.Drawing.Graphics,System.String,System.Drawing.Font,System.Int32)">
            <summary>
            Trims the text to fit the given width.
            </summary>
            <param name="text"></param>
            <param name="width"></param>
            <returns></returns>
        </member>
        <member name="M:TabsControl_Sample.TabsControl.checkClose(System.Object,System.Windows.Forms.MouseEventArgs)">
            <summary>
            Check if clicked on close button and close tab if necessary.
            </summary>
            <param name="sender"></param>
            <param name="e"></param>
        </member>
        <member name="M:TabsControl_Sample.TabsControl.checkHighlight(System.Object,System.Windows.Forms.MouseEventArgs)">
            <summary>
            Check if highlighting the close button is necessary.
            </summary>
            <param name="sender"></param>
            <param name="e"></param>
        </member>
        <member name="M:TabsControl_Sample.TabsControl.removeHover(System.Object,System.EventArgs)">
            <summary>
            Remove all hovering from the tabs control.
            </summary>
            <param name="sender"></param>
            <param name="e"></param>
        </member>
        <member name="M:TabsControl_Sample.TabsControl.TabsControl_SelectedIndexChanged(System.Object,System.EventArgs)">
            <summary>
            Redraw when changing tabs.
            </summary>
            <param name="sender"></param>
            <param name="e"></param>
        </member>
        <member name="T:TabsControl_Sample.Tab">
            <summary>
            A TabsControl tab with a close button.
            </summary>
        </member>
        <member name="M:TabsControl_Sample.Tab.#ctor">
            <summary>
            Initializes new instance of Tab class.
            </summary>
        </member>
        <member name="M:TabsControl_Sample.Tab.#ctor(System.String)">
            <summary>
            Initializes new instance of Tab class and specifies the text for the tab.
            </summary>
            <param name="text"></param>
        </member>
        <member name="M:TabsControl_Sample.Tab.createCloseButtons">
            <summary>
            Create the close buttons.
            </summary>
        </member>
        <member name="M:TabsControl_Sample.Tab.GetCloseButton(System.Boolean)">
            <summary>
            Draw the X close icon.
            </summary>
            <param name="hover"></param>
            <returns></returns>
        </member>
        <member name="M:TabsControl_Sample.Tab.Close">
            <summary>
            Close the tab.
            </summary>
        </member>
        <member name="P:TabsControl_Sample.Tab.HasCloseButton">
            <summary>
            If tab will have close button
            </summary>
        </member>
        <member name="P:TabsControl_Sample.Tab.CloseImage">
            <summary>
            The close image.
            </summary>
        </member>
        <member name="P:TabsControl_Sample.Tab.CloseImageHover">
            <summary>
            Close image when mouse hovers over it.
            </summary>
        </member>
        <member name="P:TabsControl_Sample.Tab.IsHovering">
            <summary>
            If curently mouse if hovering over the tab.
            </summary>
        </member>
        <member name="P:TabsControl_Sample.Tab.IsHoveringClose">
            <summary>
            If curently mouse if hovering over the close button.
            </summary>
        </member>
        <member name="P:TabsControl_Sample.Tab.CloseButtonRectangle">
            <summary>
            The close button rectangle.
            </summary>
        </member>
        <member name="P:TabsControl_Sample.Tab.Index">
            <summary>
            The index of the tab.
            </summary>
        </member>
        <member name="P:TabsControl_Sample.Tab.ParentTabControl">
            <summary>
            Parent tabcontrol is exists.
            </summary>
        </member>
        <member name="E:TabsControl_Sample.Tab.TabClosed">
            <summary>
            Raised when the tab is closed.
            </summary>
        </member>
    </members>
</doc>
